{
    "pages": [
        {
            "pageNumber": 0,
            "image": "/images/Page_01.jpg",
            "audio": null,
            "text": null
        },
        {
            "pageNumber": 1,
            "image": "/images/Page_03a.jpg",
            "audio": null,
            "text": null
        },
        {
            "pageNumber": 2,
            "image": "/images/Page_03b.jpg",
            "audio": null,
            "text": null
        },
        {
            "pageNumber": 3,
            "image": "/images/Page_04a.jpg",
            "audio": null,
            "text": ""
        },
        {
            "pageNumber": 4,
            "image": "/images/Page_04b.jpg",
            "audio": null,
            "text": null
        },
        {
            "pageNumber": 5,
            "image": "/images/Page_05a.jpg",
            "audio": null,
            "text": null
        },
        {
            "pageNumber": 6,
            "image": "/images/Page_05b.jpg",
            "audio": null,
            "text": null
        },
        {
            "pageNumber": 7,
            "image": "images/Page_06a.jpg",
            "audio": null,
            "text": null
        },
        {
            "pageNumber": 8,
            "image": "/images/Page_06b.jpg",
            "audio": null,
            "text": null
        },
        {
            "pageNumber": 9,
            "image": "/images/Page_07a.jpg",
            "audio": null,
            "text": null
        },
        {
            "pageNumber": 10,
            "image": "/images/Page_07b.jpg",
            "audio": null,
            "text": null
        },
        {
            "pageNumber": 11,
            "image": "/images/Page_08a.jpg",
            "audio": null,
            "text": null
        },
        {
            "pageNumber": 12,
            "image": "/images/Page_08b.jpg",
            "audio": null,
            "text": null
        },
        {
            "pageNumber": 13,
            "image": "/images/Page_09a.jpg",
            "audio": null,
            "text": null
        },
        {
            "pageNumber": 14,
            "image": "/images/Page_09b.jpg",
            "audio": null,
            "text": null
        },
        {
            "pageNumber": 15,
            "image": "/images/Page_10a.jpg",
            "audio": null,
            "text": null
        },
        {
            "pageNumber": 16,
            "image": "/images/Page_10b.jpg",
            "audio": null,
            "text": null
        },
        {
            "pageNumber": 17,
            "image": "/images/Page_11a.jpg",
            "audio": null,
            "text": null
        },
        {
            "pageNumber": 18,
            "image": "/images/Page_11b.jpg",
            "audio": null,
            "text": null
        },
        {
            "pageNumber": 19,
            "image": "/images/Page_12a.jpg",
            "audio": null,
            "text": null
        },
        {
            "pageNumber": 20,
            "image": "/images/Page_12b.jpg",
            "audio": null,
            "text": null
        },
        {
            "pageNumber": 21,
            "image": "/images/Page_13a.jpg",
            "audio": null,
            "text": null
        },
        {
            "pageNumber": 22,
            "image": "/images/Page_13b.jpg",
            "audio": null,
            "text": null
        },
        {
            "pageNumber": 23,
            "image": "/images/Page_14a.jpg",
            "audio": null,
            "text": null
       },
        {
            "pageNumber": 24,
            "image": "/images/Page_14b.jpg",
            "audio": null,
            "text": null
        },
        {
            "pageNumber": 25,
            "image": "/images/Page_15a.jpg",
            "audio": null,
            "text": null
        },
        {
            "pageNumber": 26,
            "image": "/images/Page_15b.jpg",
            "audio": null,
            "text": null
        },
        {
            "pageNumber": 27,
            "image": "/images/Page_16a.jpg",
            "audio": null,
            "text": null
        },
        {
            "pageNumber": 28,
            "image": "/images/Page_16b.jpg",
            "audio": null,
            "text": null
         },
        {
            "pageNumber": 29,
            "image": "/images/Page_03a.jpg",
            "audio": null,
            "text": null
        },
        {
            "pageNumber": 30,
            "image": "/images/Page_03b.jpg",
            "audio": null,
            "text": null
        },
        {
            "pageNumber": 31,
            "image": "/images/Page_18.jpg",
            "audio": null,
            "text": null
        }
    ]
}